Feature_1,Feature_2,Feature_3,Feature_4,Feature_5,Target
,,0.7319939418114051,,,1
0.1559945203362026,0.0580836121681994,,0.6011150117432088,0.7080725777960455,0
0.0205844942958024,,,0.2123391106782761,0.1818249672071006,0
0.1834045098534338,0.3042422429595377,0.5247564316322378,0.4319450186421157,0.2912291401980419,0
,0.1394938606520418,0.2921446485352181,0.3663618432936917,,0
,,,0.5924145688620425,0.0464504127199977,0
,,,0.9488855372533332,,1
0.8083973481164611,0.3046137691733707,0.0976721140063838,,,0
0.1220382348447788,,,0.909320402078782,0.2587799816000169,1
0.662522284353982,,,,,1
,,0.9394989415641892,,,0
0.9218742350231168,,0.1959828624191452,,0.3253303307632643,0
0.388677289689482,0.2713490317738959,0.8287375091519293,,0.2809345096873807,1
,0.1409242249747626,,0.0745506436797708,0.9868869366005172,0
,0.1987156815341724,0.0055221171236023,0.8154614284548342,0.7068573438476171,0
,0.7712703466859457,,0.3584657285442726,,1
,0.6232981268275579,,,,1
0.325183322026747,,0.6375574713552131,,,0
,0.713244787222995,0.7607850486168974,,0.770967179954561,1
,0.5227328293819941,0.4275410183585496,,0.1078914269933044,0
0.0314291856867342,0.6364104112637804,0.3143559810763267,0.5085706911647028,0.907566473926093,0
,0.4103829230356297,0.7555511385430487,0.2287981654916224,0.0769799098287929,0
,,,0.808120379564417,,1
,,,,,1
,,,0.1100519245276767,,1
0.4271077886262563,,,0.0069521305311907,0.5107473025775657,1
,0.2221078104707302,0.1198653673336828,0.3376151714036279,,1
0.3232029320207552,0.5187906217433661,,0.363629602379294,0.9717820827209608,0
0.9624472949421112,,0.4972485058923854,,,0
,0.6095643339798968,0.5026790232288615,,,0
0.9082658859666536,,0.1448948720912231,,,0
,,0.7616196153287176,0.2376375439923996,0.7282163486118596,1
,,0.6335297107608947,,0.0902897700544083,0
0.835302495589238,,,,,1
0.6775643618422824,0.0165878289278561,,,,0
0.1743664290049914,,0.3867353463005374,,0.1375209441459932,1
,0.113473521240589,,0.877339353380981,,1
,0.8172222002012158,,0.5296505783560065,0.2418522909004516,0
0.0931027678058992,,0.9004180571633305,,0.3390297910487007,0
,0.7259556788702394,,,,0
,0.0841399649950488,0.1616287140946137,,,0
,,0.6635017691080558,,0.1608080514174986,1
,,0.6519612595026005,,,0
0.2372490874968,,,,,0
,,,,0.2652023676817254,1
0.2439896433790835,,0.3930977246667604,0.8920465551771133,0.6311386259972629,0
,0.5026370931051921,,0.4925176938188639,0.1952429877980445,0
0.7224521152615053,0.2807723624408558,0.0243159664314538,,0.1771106794070489,0
0.9404585843529144,,0.9148643902204484,,,0
,,0.9666548190436696,0.9636199770892528,,0
0.2944488920695857,0.3850977286019252,,0.3169220051562776,0.1694927466860925,1
0.5568012624583502,,,0.570061170089365,0.0971764937707685,0
0.6150072266991697,,0.140084015236524,0.5183296523637367,,0
0.7407686177542044,,,,0.2935918442644933,0
0.8093611554785136,0.8101133946791808,,,,0
0.5015162946871996,,0.6499639307777652,0.7019668772577033,,0
,0.3379951568515358,0.375582952639944,,,1
,0.4655980181324601,0.5426446347075766,0.2865412521282844,,0
,,0.8226005606596583,0.3601906414112629,,1
,0.7699935530986108,,0.6228904758190003,,1
,,0.5406351216101065,,,0
,0.5163003483011953,0.3229564729412459,0.7951861947687037,0.2708322512620742,0
0.4389714207056361,0.0784563813422659,,,0.8359801205122058,0
,0.4089529444142699,0.1732943200708457,0.156437042671086,0.2502428981645953,0
,,0.6601973767177313,0.2799338969459428,0.954865280663194,1
0.7378969166957685,0.5543540525114007,0.6117207462343522,,,0
,,0.0143934886297558,0.1160726405069162,,0
0.0407288023189701,,0.7036578593800237,0.4741738290873252,0.0978341606510014,0
,,,,,0
0.6158500980522165,0.6350936508676438,,,0.6258599157142364,0
0.5031362585800877,0.8564898411883223,0.658693631618945,,,0
,,0.5857755812734633,,0.575474177875879,1
,0.6432882184423532,0.4582528904915166,,,1
0.3861026378007742,,0.9053506419560636,0.1957911347892964,0.0693613008751654,0
0.1007780013774266,0.0182218256515497,0.0944429607559284,,0.0711886484602289,0
0.3189756302937613,,0.0232719357358258,,0.2818547747733999,0
0.1181648276216562,0.6967371653641506,0.628942846779884,0.877472013527053,,1
,,0.1774395437797228,,0.806834739267264,0
,0.4126176769114265,0.3720180857927831,0.7764129607419968,0.3408035402530178,1
,,0.4289940273750183,,0.7545428740846823,0
0.1031238688359326,,0.5052523724478571,,0.3200496010306117,0
0.8955232284962005,,,0.9053819764192635,0.0912866767861335,0
,0.9500619670508048,,0.5734378881232861,,0
,0.2932107716980645,,0.6725184560770384,0.75237452943768,1
,,0.0912061030486903,0.4944203047025814,0.0575587600166442,1
,0.441530501373377,,0.3509150125520787,0.1170670164276058,0
0.1429916820528358,0.7615106317174722,,,,0
0.70096913145912,0.0727630063641935,0.8218600592903562,,,1
0.0848377140851919,0.9866395785011756,,0.3706421470668909,0.8127995672575026,1
,,0.7533781852589416,0.3762595855309157,0.0835007166986687,1
,,,0.906354385094736,,1
0.4926251042908591,0.011353644767419,,,0.1188179162680719,0
0.1175262467771048,0.6492103021160636,0.7460448792654233,,,1
0.374870579523704,0.2857120862818607,,0.2235958385194526,,0
0.0121544746898163,,,,,1
,,0.5538542844013208,0.969302535619099,,1
0.6293986381352625,0.6957486889846172,0.4545410647677732,0.6275580800840634,0.5843143119231002,1
,0.0454463803414578,,,,1
,0.6201325978015367,0.2773811829811327,0.1881211597237613,0.4636984049399821,1
,0.5836561118508721,,0.9743948076661664,0.9862107444796028,0
